[
  {
    "email": "emailQT",
    "address": "addressE3juAI 1 Z",
    "company": "companylNpIlt",
    "email3": null,
    "secondaryphone": "S 680",
    "all_phones_from_home_page": null,
    "mobilephone": "M7",
    "position": "position",
    "py/object": "model.contact.Contact",
    "id": null,
    "email2": "email2",
    "all_emails_from_home_page": null,
    "lastname": "lastnameUH n",
    "workphone": "W1 55",
    "homephone": "H 4",
    "notes": "notesh7NavHJ  L",
    "firstname": "firstname039Ov"
  },
  {
    "email": "emailT",
    "address": "addressZ6iqRe",
    "company": "companylhpg KBjG",
    "email3": null,
    "secondaryphone": "S  ",
    "all_phones_from_home_page": null,
    "mobilephone": "M 943 ",
    "position": "positionP ",
    "py/object": "model.contact.Contact",
    "id": null,
    "email2": "email2 GT",
    "all_emails_from_home_page": null,
    "lastname": "lastname BMllY",
    "workphone": "W626488 4",
    "homephone": "H120",
    "notes": "notesKjQvM ",
    "firstname": "firstnameF"
  },
  {
    "email": "email",
    "address": "address 4RTHq0klii3IA",
    "company": "companynbEh6MC a",
    "email3": null,
    "secondaryphone": "S2 8 5 ",
    "all_phones_from_home_page": null,
    "mobilephone": "M11932",
    "position": "positionfvMk",
    "py/object": "model.contact.Contact",
    "id": null,
    "email2": "email2MvOw",
    "all_emails_from_home_page": null,
    "lastname": "lastnameWc",
    "workphone": "W7",
    "homephone": "H 353  ",
    "notes": "notesXbuEIJl3 P82 ",
    "firstname": "firstname 5PDV"
  }
]